{"_step": 2, "_runtime": 421.83397912979126, "_timestamp": 1584476668.9701345, "Train Acc": 0.7573461283917935, "Train Loss": 0.5144525038622059, "Test Acc": 0.8013184814730621, "Test Loss": 0.4453388581183261, "val Loss:": 0.4453388581183261, "val Accuracy:": 0.8013184814730621}
