{"Train Loss": 0.39855290043587777, "_runtime": 315.7285394668579, "Train Acc": 0.8398692810457516, "_timestamp": 1584365079.0504205, "_step": 6, "Test Acc": 0.49762513701132627, "Test Loss": 0.7715052442477487, "val Loss:": 0.7715052442477487, "val Accuracy:": 0.49762513701132627}
