{"Train Acc": 0.8275236020334059, "Train Loss": 0.4006899227763573, "_runtime": 322.5577416419983, "_step": 6, "_timestamp": 1584364680.366489, "Test Loss": 0.7771578691368953, "Test Acc": 0.5239313116550969, "val Accuracy:": 0.5239313116550969, "val Loss:": 0.7771578691368953}
